ImageId,EncodedPixels,Width,Height
7587,,256,256
7593,,256,256
476,,256,256
7544,,256,256
7550,,256,256
4059,,256,256
4717,,256,256
7578,,256,256
4071,,256,256
4065,,256,256
489,,256,256
4703,,256,256
2825,,256,256
2831,,256,256
2819,,256,256
2158,,256,256
6464,,256,256
2164,,256,256
2170,,256,256
6470,,256,256
1280,,256,256
2945,,256,256
933,,256,256
6504,,256,256
927,,256,256
516,,256,256
502,,256,256
4688,,256,256
6048,,256,256
1727,,256,256
7356,,256,256
8065,,256,256
8717,,256,256
1733,,256,256
7342,,256,256
8071,,256,256
6074,,256,256
8059,,256,256
4105,,256,256
4111,,256,256
6060,,256,256
4677,,256,256
4110,,256,256
4676,,256,256
6061,,256,256
8058,,256,256
6075,,256,256
4104,,256,256
8716,,256,256
8070,,256,256
7343,,256,256
1732,,256,256
8064,,256,256
7357,,256,256
1726,,256,256
6049,,256,256
503,,256,256
4689,,256,256
517,,256,256
926,,256,256
6505,,256,256
932,,256,256
2944,,256,256
1281,,256,256
2171,,256,256
6471,,256,256
6465,,256,256
2165,,256,256
6459,,256,256
2159,,256,256
2818,,256,256
2830,,256,256
2824,,256,256
488,,256,256
4064,,256,256
4702,,256,256
4716,,256,256
4070,,256,256
7579,,256,256
4058,,256,256
7551,,256,256
7545,,256,256
477,,256,256
7592,,256,256
7586,,256,256
4099,,256,256
7590,,256,256
475,,256,256
7584,,256,256
7553,,256,256
7547,,256,256
4728,,256,256
4700,,256,256
4066,,256,256
4072,,256,256
4714,,256,256
2832,,256,256
2826,,256,256
6498,,256,256
6473,,256,256
2173,,256,256
2167,,256,256
844,,256,256
6467,,256,256
2946,,256,256
1283,,256,256
918,,256,256
6507,,256,256
1268,,256,256
924,,256,256
930,,256,256
501,,256,256
515,,256,256
1730,,256,256
8072,,256,256
7341,,256,256
8714,,256,256
1724,,256,256
8066,,256,256
7355,,256,256
6063,,256,256
4674,,256,256
4112,,256,256
8728,,256,256
4106,,256,256
1718,,256,256
7369,,256,256
4107,,256,256
7368,,256,256
1719,,256,256
6076,,256,256
4675,,256,256
6062,,256,256
8729,,256,256
4113,,256,256
7354,,256,256
8067,,256,256
1725,,256,256
7340,,256,256
8073,,256,256
1731,,256,256
8715,,256,256
528,,256,256
514,,256,256
500,,256,256
931,,256,256
925,,256,256
1269,,256,256
6506,,256,256
919,,256,256
1282,,256,256
2166,,256,256
6466,,256,256
6472,,256,256
2172,,256,256
6499,,256,256
2827,,256,256
2833,,256,256
4073,,256,256
4715,,256,256
4701,,256,256
4067,,256,256
7546,,256,256
4729,,256,256
7552,,256,256
7585,,256,256
474,,256,256
7591,,256,256
4098,,256,256
7595,,256,256
470,,256,256
7581,,256,256
464,,256,256
4088,,256,256
4063,,256,256
4705,,256,256
4711,,256,256
4077,,256,256
7556,,256,256
4739,,256,256
7542,,256,256
2837,,256,256
2823,,256,256
6476,,256,256
6462,,256,256
2162,,256,256
2943,,256,256
1286,,256,256
6502,,256,256
921,,256,256
1279,,256,256
935,,256,256
3687,,256,256
504,,256,256
510,,256,256
4117,,256,256
6066,,256,256
4671,,256,256
6072,,256,256
8739,,256,256
4103,,256,256
8711,,256,256
1735,,256,256
8077,,256,256
7344,,256,256
1721,,256,256
8063,,256,256
7350,,256,256
7351,,256,256
8062,,256,256
1720,,256,256
8710,,256,256
7345,,256,256
8076,,256,256
1734,,256,256
6073,,256,256
4102,,256,256
8738,,256,256
4116,,256,256
4670,,256,256
6067,,256,256
511,,256,256
505,,256,256
3686,,256,256
934,,256,256
1278,,256,256
920,,256,256
6503,,256,256
1287,,256,256
2942,,256,256
6463,,256,256
2163,,256,256
6477,,256,256
2822,,256,256
2836,,256,256
7543,,256,256
7557,,256,256
4738,,256,256
4710,,256,256
4076,,256,256
4062,,256,256
4704,,256,256
4089,,256,256
465,,256,256
7580,,256,256
471,,256,256
7594,,256,256
7582,,256,256
467,,256,256
7596,,256,256
473,,256,256
498,,256,256
4074,,256,256
4712,,256,256
4706,,256,256
4060,,256,256
7569,,256,256
4048,,256,256
7541,,256,256
7555,,256,256
2820,,256,256
2834,,256,256
2161,,256,256
842,,256,256
6461,,256,256
6475,,256,256
2175,,256,256
2149,,256,256
1285,,256,256
2940,,256,256
936,,256,256
6501,,256,256
922,,256,256
513,,256,256
4699,,256,256
507,,256,256
4100,,256,256
6071,,256,256
6065,,256,256
8048,,256,256
4672,,256,256
4114,,256,256
1722,,256,256
7353,,256,256
8060,,256,256
1736,,256,256
6059,,256,256
7347,,256,256
8074,,256,256
8712,,256,256
4128,,256,256
8075,,256,256
7346,,256,256
6058,,256,256
1737,,256,256
4129,,256,256
8713,,256,256
8707,,256,256
8061,,256,256
7352,,256,256
1723,,256,256
4673,,256,256
8049,,256,256
6064,,256,256
4115,,256,256
4101,,256,256
6070,,256,256
4667,,256,256
506,,256,256
3685,,256,256
512,,256,256
4698,,256,256
923,,256,256
6500,,256,256
937,,256,256
2941,,256,256
1284,,256,256
2148,,256,256
6474,,256,256
2174,,256,256
2160,,256,256
6460,,256,256
843,,256,256
2835,,256,256
2821,,256,256
7554,,256,256
7540,,256,256
4049,,256,256
4707,,256,256
7568,,256,256
4061,,256,256
4075,,256,256
499,,256,256
4713,,256,256
472,,256,256
7597,,256,256
466,,256,256
7583,,256,256
1195,,256,256
1181,,256,256
3966,,256,256
8199,,256,256
3972,,256,256
1156,,256,256
3999,,256,256
4748,,256,256
7533,,256,256
4012,,256,256
4006,,256,256
2846,,256,256
2852,,256,256
1383,,256,256
2885,,256,256
1368,,256,256
2932,,256,256
8204,,256,256
1220,,256,256
8210,,256,256
950,,256,256
1208,,256,256
944,,256,256
5287,,256,256
5293,,256,256
8760,,256,256
1744,,256,256
8006,,256,256
7335,,256,256
1750,,256,256
8012,,256,256
7321,,256,256
8774,,256,256
5278,,256,256
1778,,256,256
7309,,256,256
8748,,256,256
8749,,256,256
5279,,256,256
7308,,256,256
1779,,256,256
7320,,256,256
8013,,256,256
1751,,256,256
8775,,256,256
8761,,256,256
7334,,256,256
8007,,256,256
1745,,256,256
5292,,256,256
5286,,256,256
945,,256,256
1209,,256,256
951,,256,256
8211,,256,256
8205,,256,256
1221,,256,256
2927,,256,256
2933,,256,256
1369,,256,256
2884,,256,256
1382,,256,256
2853,,256,256
2847,,256,256
4007,,256,256
4013,,256,256
3998,,256,256
1157,,256,256
4749,,256,256
8198,,256,256
3973,,256,256
3967,,256,256
1180,,256,256
1194,,256,256
1182,,256,256
3959,,256,256
1196,,256,256
3971,,256,256
3965,,256,256
4039,,256,256
1155,,256,256
4005,,256,256
4011,,256,256
1169,,256,256
2851,,256,256
1380,,256,256
2845,,256,256
2879,,256,256
2931,,256,256
8213,,256,256
1223,,256,256
8207,,256,256
947,,256,256
953,,256,256
5290,,256,256
5284,,256,256
8788,,256,256
8777,,256,256
1035,,256,256
1753,,256,256
7322,,256,256
8011,,256,256
1747,,256,256
7336,,256,256
8005,,256,256
8763,,256,256
8039,,256,256
8038,,256,256
8004,,256,256
7337,,256,256
1746,,256,256
8762,,256,256
1034,,256,256
8776,,256,256
8010,,256,256
7323,,256,256
1752,,256,256
8789,,256,256
5285,,256,256
5291,,256,256
952,,256,256
946,,256,256
1222,,256,256
8206,,256,256
8212,,256,256
2930,,256,256
2878,,256,256
2844,,256,256
1381,,256,256
2850,,256,256
1168,,256,256
4010,,256,256
4004,,256,256
1154,,256,256
4038,,256,256
3964,,256,256
3970,,256,256
1197,,256,256
3958,,256,256
1183,,256,256
3974,,256,256
3960,,256,256
1187,,256,256
1193,,256,256
1178,,256,256
4000,,256,256
4014,,256,256
1144,,256,256
7535,,256,256
1150,,256,256
4028,,256,256
8174,,256,256
2868,,256,256
2854,,256,256
1385,,256,256
1391,,256,256
2840,,256,256
2883,,256,256
2934,,256,256
942,,256,256
956,,256,256
8216,,256,256
8202,,256,256
1226,,256,256
5295,,256,256
5281,,256,256
1781,,256,256
8028,,256,256
1756,,256,256
6039,,256,256
7327,,256,256
8014,,256,256
8772,,256,256
1030,,256,256
8766,,256,256
1742,,256,256
7333,,256,256
8767,,256,256
7332,,256,256
1743,,256,256
8015,,256,256
7326,,256,256
6038,,256,256
1757,,256,256
1031,,256,256
8773,,256,256
8029,,256,256
5280,,256,256
1780,,256,256
5294,,256,256
8203,,256,256
1227,,256,256
8217,,256,256
957,,256,256
943,,256,256
2935,,256,256
2882,,256,256
2841,,256,256
1390,,256,256
1384,,256,256
2855,,256,256
2869,,256,256
4029,,256,256
1151,,256,256
8175,,256,256
7534,,256,256
1145,,256,256
4015,,256,256
4001,,256,256
1179,,256,256
1192,,256,256
1186,,256,256
3961,,256,256
3975,,256,256
8188,,256,256
3963,,256,256
3977,,256,256
1190,,256,256
1184,,256,256
4017,,256,256
4003,,256,256
8177,,256,256
1153,,256,256
3988,,256,256
1147,,256,256
7536,,256,256
2843,,256,256
2857,,256,256
1386,,256,256
1379,,256,256
2880,,256,256
2937,,256,256
1219,,256,256
955,,256,256
8229,,256,256
941,,256,256
1225,,256,256
8201,,256,256
8215,,256,256
1231,,256,256
1782,,256,256
5282,,256,256
5296,,256,256
8759,,256,256
5269,,256,256
1769,,256,256
7318,,256,256
1741,,256,256
8003,,256,256
7330,,256,256
8765,,256,256
8771,,256,256
1033,,256,256
1755,,256,256
8017,,256,256
7324,,256,256
1032,,256,256
8770,,256,256
7325,,256,256
8016,,256,256
1754,,256,256
7331,,256,256
1740,,256,256
8764,,256,256
5268,,256,256
7319,,256,256
1768,,256,256
8758,,256,256
5297,,256,256
5283,,256,256
8214,,256,256
1230,,256,256
1224,,256,256
8200,,256,256
8228,,256,256
940,,256,256
954,,256,256
1218,,256,256
2936,,256,256
2881,,256,256
1378,,256,256
1387,,256,256
2856,,256,256
2842,,256,256
7537,,256,256
1146,,256,256
3989,,256,256
4758,,256,256
8176,,256,256
1152,,256,256
4002,,256,256
4016,,256,256
1185,,256,256
1191,,256,256
3976,,256,256
8189,,256,256
3962,,256,256
8190,,256,256
8184,,256,256
1188,,256,256
1177,,256,256
1163,,256,256
4033,,256,256
3984,,256,256
4755,,256,256
4741,,256,256
4027,,256,256
3990,,256,256
2867,,256,256
2873,,256,256
1375,,256,256
1361,,256,256
8225,,256,256
1201,,256,256
1215,,256,256
959,,256,256
8231,,256,256
8219,,256,256
1229,,256,256
965,,256,256
8782,,256,256
5265,,256,256
8741,,256,256
1765,,256,256
8027,,256,256
7314,,256,256
1771,,256,256
8033,,256,256
7300,,256,256
8755,,256,256
5271,,256,256
6036,,256,256
1759,,256,256
7328,,256,256
8769,,256,256
8768,,256,256
7329,,256,256
1758,,256,256
6037,,256,256
7301,,256,256
8032,,256,256
1770,,256,256
5270,,256,256
8754,,256,256
8740,,256,256
7315,,256,256
8026,,256,256
1764,,256,256
8783,,256,256
964,,256,256
1228,,256,256
8218,,256,256
958,,256,256
1214,,256,256
8230,,256,256
8224,,256,256
1200,,256,256
1360,,256,256
1374,,256,256
2872,,256,256
2866,,256,256
4740,,256,256
3991,,256,256
4026,,256,256
3985,,256,256
4032,,256,256
4754,,256,256
1162,,256,256
1176,,256,256
1189,,256,256
8185,,256,256
8191,,256,256
8187,,256,256
8193,,256,256
3978,,256,256
1160,,256,256
4018,,256,256
1174,,256,256
4024,,256,256
3993,,256,256
8178,,256,256
4742,,256,256
4756,,256,256
1148,,256,256
7539,,256,256
4030,,256,256
3987,,256,256
2870,,256,256
2864,,256,256
1389,,256,256
2858,,256,256
1362,,256,256
1376,,256,256
2938,,256,256
1216,,256,256
1202,,256,256
8226,,256,256
966,,256,256
8781,,256,256
5299,,256,256
8756,,256,256
5272,,256,256
1772,,256,256
7303,,256,256
8030,,256,256
1766,,256,256
7317,,256,256
8024,,256,256
5266,,256,256
8742,,256,256
6035,,256,256
8018,,256,256
8019,,256,256
1029,,256,256
8025,,256,256
7316,,256,256
1767,,256,256
8743,,256,256
5267,,256,256
5273,,256,256
8757,,256,256
8031,,256,256
7302,,256,256
1773,,256,256
5298,,256,256
8780,,256,256
1203,,256,256
8227,,256,256
1217,,256,256
2939,,256,256
1377,,256,256
1363,,256,256
2859,,256,256
1388,,256,256
2865,,256,256
2871,,256,256
4757,,256,256
3986,,256,256
4031,,256,256
7538,,256,256
1149,,256,256
3992,,256,256
4025,,256,256
4743,,256,256
8179,,256,256
1175,,256,256
4019,,256,256
1161,,256,256
8192,,256,256
3979,,256,256
8186,,256,256
7299,,256,256
8182,,256,256
3969,,256,256
8196,,256,256
4747,,256,256
4021,,256,256
3996,,256,256
1159,,256,256
4035,,256,256
3982,,256,256
4753,,256,256
1165,,256,256
4009,,256,256
1171,,256,256
2849,,256,256
2875,,256,256
2861,,256,256
1367,,256,256
1373,,256,256
2929,,256,256
963,,256,256
1213,,256,256
8223,,256,256
1207,,256,256
5288,,256,256
8790,,256,256
8784,,256,256
8009,,256,256
1777,,256,256
7306,,256,256
8035,,256,256
8753,,256,256
5277,,256,256
8747,,256,256
1763,,256,256
7312,,256,256
8021,,256,256
8746,,256,256
8020,,256,256
7313,,256,256
1762,,256,256
8034,,256,256
7307,,256,256
1776,,256,256
5276,,256,256
8752,,256,256
8008,,256,256
8785,,256,256
5289,,256,256
8222,,256,256
1206,,256,256
1212,,256,256
962,,256,256
2928,,256,256
1372,,256,256
1366,,256,256
2860,,256,256
2874,,256,256
2848,,256,256
1170,,256,256
4008,,256,256
1164,,256,256
3983,,256,256
4034,,256,256
4752,,256,256
4746,,256,256
1158,,256,256
3997,,256,256
4020,,256,256
8197,,256,256
8183,,256,256
3968,,256,256
7298,,256,256
1199,,256,256
8195,,256,256
8181,,256,256
4750,,256,256
4036,,256,256
3981,,256,256
4022,,256,256
3995,,256,256
4744,,256,256
1172,,256,256
1166,,256,256
5300,,256,256
2862,,256,256
2876,,256,256
1370,,256,256
1364,,256,256
8208,,256,256
960,,256,256
1204,,256,256
948,,256,256
8220,,256,256
1210,,256,256
8787,,256,256
8778,,256,256
1748,,256,256
7339,,256,256
1760,,256,256
8022,,256,256
7311,,256,256
8744,,256,256
8750,,256,256
5274,,256,256
1774,,256,256
8036,,256,256
7305,,256,256
5275,,256,256
8751,,256,256
7304,,256,256
8037,,256,256
1775,,256,256
7310,,256,256
8023,,256,256
1761,,256,256
8745,,256,256
7338,,256,256
1749,,256,256
8779,,256,256
8786,,256,256
1211,,256,256
949,,256,256
1205,,256,256
8221,,256,256
8209,,256,256
961,,256,256
1365,,256,256
1371,,256,256
2877,,256,256
2863,,256,256
5301,,256,256
1167,,256,256
1173,,256,256
3994,,256,256
4023,,256,256
4745,,256,256
4751,,256,256
3980,,256,256
4037,,256,256
8180,,256,256
8194,,256,256
3957,,256,256
1198,,256,256
4093,,256,256
4087,,256,256
480,,256,256
7565,,256,256
4078,,256,256
494,,256,256
7571,,256,256
4736,,256,256
4050,,256,256
7559,,256,256
4044,,256,256
4722,,256,256
2838,,256,256
6479,,256,256
7015,,256,256
2145,,256,256
2151,,256,256
1262,,256,256
1276,,256,256
523,,256,256
4681,,256,256
4695,,256,256
6069,,256,256
7377,,256,256
8044,,256,256
8722,,256,256
4118,,256,256
8736,,256,256
7363,,256,256
8050,,256,256
6055,,256,256
8078,,256,256
4124,,256,256
4130,,256,256
6041,,256,256
4131,,256,256
6040,,256,256
8079,,256,256
6054,,256,256
4125,,256,256
8737,,256,256
8051,,256,256
7362,,256,256
8045,,256,256
7376,,256,256
6068,,256,256
4119,,256,256
8723,,256,256
4694,,256,256
4680,,256,256
522,,256,256
7606,,256,256
1277,,256,256
1263,,256,256
2150,,256,256
2144,,256,256
7014,,256,256
6478,,256,256
2839,,256,256
4045,,256,256
4723,,256,256
4737,,256,256
7558,,256,256
4051,,256,256
7570,,256,256
495,,256,256
4079,,256,256
7564,,256,256
481,,256,256
4086,,256,256
4092,,256,256
4084,,256,256
468,,256,256
7599,,256,256
4090,,256,256
497,,256,256
7572,,256,256
483,,256,256
7566,,256,256
4709,,256,256
4721,,256,256
4047,,256,256
4053,,256,256
4735,,256,256
2152,,256,256
2146,,256,256
1275,,256,256
7604,,256,256
939,,256,256
1261,,256,256
520,,256,256
4696,,256,256
508,,256,256
4682,,256,256
8053,,256,256
7360,,256,256
4669,,256,256
8735,,256,256
8721,,256,256
8047,,256,256
7374,,256,256
6042,,256,256
8709,,256,256
4133,,256,256
4127,,256,256
6056,,256,256
1739,,256,256
7348,,256,256
4126,,256,256
7349,,256,256
1738,,256,256
6057,,256,256
6043,,256,256
4132,,256,256
8708,,256,256
8720,,256,256
7375,,256,256
8046,,256,256
4668,,256,256
7361,,256,256
8052,,256,256
8734,,256,256
509,,256,256
4683,,256,256
4697,,256,256
521,,256,256
938,,256,256
7605,,256,256
1274,,256,256
2147,,256,256
2153,,256,256
4052,,256,256
4734,,256,256
4720,,256,256
4046,,256,256
7567,,256,256
482,,256,256
4708,,256,256
7573,,256,256
496,,256,256
4091,,256,256
7598,,256,256
469,,256,256
4085,,256,256
4081,,256,256
7588,,256,256
479,,256,256
4095,,256,256
4042,,256,256
4724,,256,256
4730,,256,256
4056,,256,256
492,,256,256
7577,,256,256
4718,,256,256
486,,256,256
7563,,256,256
6480,,256,256
2157,,256,256
2143,,256,256
7013,,256,256
1270,,256,256
7601,,256,256
1264,,256,256
928,,256,256
519,,256,256
4693,,256,256
4687,,256,256
525,,256,256
8081,,256,256
1728,,256,256
6047,,256,256
7359,,256,256
6053,,256,256
4122,,256,256
8718,,256,256
8730,,256,256
8056,,256,256
7365,,256,256
4678,,256,256
8042,,256,256
7371,,256,256
8724,,256,256
7370,,256,256
8043,,256,256
4679,,256,256
8725,,256,256
8731,,256,256
7364,,256,256
8057,,256,256
1715,,256,256
6052,,256,256
8719,,256,256
4123,,256,256
7358,,256,256
6046,,256,256
1729,,256,256
8080,,256,256
524,,256,256
4686,,256,256
518,,256,256
4692,,256,256
929,,256,256
1265,,256,256
7600,,256,256
1271,,256,256
915,,256,256
7012,,256,256
2142,,256,256
2156,,256,256
6495,,256,256
7562,,256,256
487,,256,256
7576,,256,256
493,,256,256
4719,,256,256
4731,,256,256
4057,,256,256
4043,,256,256
4725,,256,256
4094,,256,256
478,,256,256
7589,,256,256
4080,,256,256
4096,,256,256
4082,,256,256
4055,,256,256
4733,,256,256
4727,,256,256
7548,,256,256
4041,,256,256
485,,256,256
7560,,256,256
4069,,256,256
491,,256,256
7574,,256,256
6497,,256,256
2829,,256,256
2140,,256,256
2154,,256,256
6468,,256,256
2168,,256,256
917,,256,256
1267,,256,256
6508,,256,256
1273,,256,256
7602,,256,256
4684,,256,256
4690,,256,256
8082,,256,256
526,,256,256
4121,,256,256
6050,,256,256
6044,,256,256
8069,,256,256
8727,,256,256
7372,,256,256
8041,,256,256
1717,,256,256
7366,,256,256
8055,,256,256
4109,,256,256
8733,,256,256
8054,,256,256
7367,,256,256
1716,,256,256
8732,,256,256
4108,,256,256
8726,,256,256
8040,,256,256
7373,,256,256
8068,,256,256
6045,,256,256
4120,,256,256
6051,,256,256
527,,256,256
4691,,256,256
4685,,256,256
7603,,256,256
1272,,256,256
6509,,256,256
1266,,256,256
916,,256,256
6469,,256,256
2169,,256,256
2155,,256,256
2141,,256,256
2828,,256,256
6496,,256,256
7575,,256,256
490,,256,256
4068,,256,256
7561,,256,256
484,,256,256
4726,,256,256
4040,,256,256
7549,,256,256
4054,,256,256
4732,,256,256
4083,,256,256
4097,,256,256
